{
  "Total" : {
    "transaction" : "Total",
    "sampleCount" : 60,
    "errorCount" : 0,
    "errorPct" : 0.0,
    "meanResTime" : 6154.4000000000015,
    "medianResTime" : 6101.0,
    "minResTime" : 964.0,
    "maxResTime" : 11549.0,
    "pct1ResTime" : 9620.6,
    "pct2ResTime" : 10356.25,
    "pct3ResTime" : 11549.0,
    "throughput" : 2.691669283567359,
    "receivedKBytesPerSec" : 263.24551879121617,
    "sentKBytesPerSec" : 0.49154507424521104
  },
  "getContent" : {
    "transaction" : "getContent",
    "sampleCount" : 30,
    "errorCount" : 0,
    "errorPct" : 0.0,
    "meanResTime" : 5763.166666666666,
    "medianResTime" : 4961.5,
    "minResTime" : 1730.0,
    "maxResTime" : 10357.0,
    "pct1ResTime" : 9978.800000000001,
    "pct2ResTime" : 10348.75,
    "pct3ResTime" : 10357.0,
    "throughput" : 1.418372653775235,
    "receivedKBytesPerSec" : 276.298161877689,
    "sentKBytesPerSec" : 0.18283709990071392
  },
  "login" : {
    "transaction" : "login",
    "sampleCount" : 30,
    "errorCount" : 0,
    "errorPct" : 0.0,
    "meanResTime" : 6545.633333333334,
    "medianResTime" : 6796.0,
    "minResTime" : 964.0,
    "maxResTime" : 11549.0,
    "pct1ResTime" : 9620.6,
    "pct2ResTime" : 10929.699999999999,
    "pct3ResTime" : 11549.0,
    "throughput" : 1.5875535799333227,
    "receivedKBytesPerSec" : 1.2712831401809812,
    "sentKBytesPerSec" : 0.37518356088267985
  }
}