{
  "Total" : {
    "transaction" : "Total",
    "sampleCount" : 100,
    "errorCount" : 36,
    "errorPct" : 36.0,
    "meanResTime" : 12038.910000000005,
    "medianResTime" : 12856.0,
    "minResTime" : 397.0,
    "maxResTime" : 20798.0,
    "pct1ResTime" : 17661.4,
    "pct2ResTime" : 18988.049999999996,
    "pct3ResTime" : 20797.17,
    "throughput" : 2.751031636863824,
    "receivedKBytesPerSec" : 88.23514872764787,
    "sentKBytesPerSec" : 0.5023856602475928
  },
  "getContent" : {
    "transaction" : "getContent",
    "sampleCount" : 50,
    "errorCount" : 35,
    "errorPct" : 70.0,
    "meanResTime" : 12342.019999999997,
    "medianResTime" : 13849.5,
    "minResTime" : 397.0,
    "maxResTime" : 20798.0,
    "pct1ResTime" : 17601.8,
    "pct2ResTime" : 18106.7,
    "pct3ResTime" : 20798.0,
    "throughput" : 1.3985231595435221,
    "receivedKBytesPerSec" : 88.41769341575296,
    "sentKBytesPerSec" : 0.18027837603490712
  },
  "login" : {
    "transaction" : "login",
    "sampleCount" : 50,
    "errorCount" : 1,
    "errorPct" : 2.0,
    "meanResTime" : 11735.800000000001,
    "medianResTime" : 12561.0,
    "minResTime" : 467.0,
    "maxResTime" : 20715.0,
    "pct1ResTime" : 18464.2,
    "pct2ResTime" : 19931.199999999997,
    "pct3ResTime" : 20715.0,
    "throughput" : 1.665057111458923,
    "receivedKBytesPerSec" : 1.5397875803390055,
    "sentKBytesPerSec" : 0.3934998251690033
  }
}