{
  "Total" : {
    "transaction" : "Total",
    "sampleCount" : 20,
    "errorCount" : 0,
    "errorPct" : 0.0,
    "meanResTime" : 284.49999999999994,
    "medianResTime" : 255.0,
    "minResTime" : 206.0,
    "maxResTime" : 532.0,
    "pct1ResTime" : 489.9000000000004,
    "pct2ResTime" : 530.75,
    "pct3ResTime" : 532.0,
    "throughput" : 2.1186440677966103,
    "receivedKBytesPerSec" : 207.2040105270127,
    "sentKBytesPerSec" : 0.3869008209745763
  },
  "getContent" : {
    "transaction" : "getContent",
    "sampleCount" : 10,
    "errorCount" : 0,
    "errorPct" : 0.0,
    "meanResTime" : 226.3,
    "medianResTime" : 229.0,
    "minResTime" : 206.0,
    "maxResTime" : 244.0,
    "pct1ResTime" : 243.9,
    "pct2ResTime" : 244.0,
    "pct3ResTime" : 244.0,
    "throughput" : 1.1228385358185493,
    "receivedKBytesPerSec" : 218.72872747305186,
    "sentKBytesPerSec" : 0.14474090500785985
  },
  "login" : {
    "transaction" : "login",
    "sampleCount" : 10,
    "errorCount" : 0,
    "errorPct" : 0.0,
    "meanResTime" : 342.70000000000005,
    "medianResTime" : 305.5,
    "minResTime" : 266.0,
    "maxResTime" : 532.0,
    "pct1ResTime" : 529.5,
    "pct2ResTime" : 532.0,
    "pct3ResTime" : 532.0,
    "throughput" : 1.087547580206634,
    "receivedKBytesPerSec" : 0.8708877107123436,
    "sentKBytesPerSec" : 0.2570180804785209
  }
}